cost_obj1,aep_obj2,gene_1,gene_2,gene_3,gene_4,gene_5,gene_6,gene_7,gene_8,gene_9,gene_10,gene_11,gene_12,gene_13,gene_14,gene_15,gene_16,gene_17,gene_18,gene_19,gene_20,gene_21,gene_22,gene_23,gene_24,gene_25,gene_26,gene_27,gene_28,gene_29,gene_30,gene_31,gene_32,gene_33,gene_34,gene_35,gene_36,gene_37,gene_38,gene_39,gene_40,gene_41,gene_42,gene_43,gene_44,gene_45,gene_46,gene_47,gene_48,gene_49,gene_50,gene_51,gene_52,gene_53,gene_54,gene_55,gene_56,gene_57,gene_58,gene_59,gene_60,gene_61,gene_62,gene_63,gene_64,gene_65,gene_66,gene_67,gene_68,gene_69,gene_70,gene_71,gene_72,gene_73,gene_74,gene_75,gene_76,gene_77,gene_78,gene_79,gene_80,gene_81,gene_82,gene_83,gene_84,gene_85,gene_86,gene_87,gene_88,gene_89,gene_90,gene_91,gene_92,gene_93,gene_94,gene_95,gene_96,gene_97,gene_98,gene_99,gene_100,gene_101,gene_102,gene_103,gene_104,gene_105,gene_106,gene_107,gene_108,gene_109,gene_110,gene_111,gene_112,gene_113,gene_114,gene_115,gene_116,gene_117,gene_118,gene_119,gene_120,gene_121,gene_122,gene_123,gene_124,gene_125,gene_126,gene_127,gene_128,gene_129,gene_130,gene_131,gene_132,gene_133,gene_134,gene_135,gene_136,gene_137,gene_138,gene_139,gene_140,gene_141,gene_142,gene_143,gene_144,gene_145,gene_146,gene_147,gene_148,gene_149,gene_150,gene_151,gene_152,gene_153,gene_154,gene_155,gene_156,gene_157,gene_158,gene_159,gene_160,gene_161,gene_162,gene_163,gene_164,gene_165,gene_166,gene_167,gene_168,gene_169,gene_170,gene_171,gene_172,gene_173,gene_174,gene_175,gene_176,gene_177,gene_178,gene_179,gene_180,gene_181,gene_182,gene_183,gene_184,gene_185,gene_186,gene_187,gene_188,gene_189,gene_190,gene_191,gene_192,gene_193,gene_194,gene_195,gene_196,gene_197,gene_198,gene_199
             2127524686.7,              265252302.8,3,1,1,3,1,1,3,1,1,3,5,3,3,1,3,3,1,1,1,1,3,5,1,1,1,1,1,1,1,3,1,1,1,1,1,1,1,1,1,1,1,3,1,3,1,3,3,1,1,1,2,1,1,1,1,1,1,1,3,1,1,1,4,2,1,1,2,1,1,1,1,1,1,1,3,1,1,3,1,1,1,1,1,1,1,3,1,3,1,1,1,3,1,4,1,4,1,1,1,1,1,1,1,1,1,1,1,1,3,1,1,1,1,1,3,1,1,1,3,1,1,3,1,2,1,3,3,1,1,1,1,1,1,1,1,1,1,1,1,1,2,3,1,3,1,1,1,1,1,1,1,3,1,1,1,2,1,1,1,3,2,3,1,1,3,1,1,3,1,1,1,1,1,1,1,1,3,1,1,3,1,1,1,1,1,1,1,1,1,1,1,1,1,1,3,1,3,1,3
              477700386.7,               63106296.9,1,1,1,3,1,1,1,1,1,1,1,1,1,1,1,1,1,1,1,1,3,1,1,1,1,3,1,1,1,1,1,1,1,1,1,1,1,1,1,1,1,1,1,1,1,3,1,1,1,1,1,1,1,2,1,1,1,1,3,1,1,1,1,1,1,1,1,1,1,1,1,1,1,1,1,1,1,1,1,1,1,1,1,1,1,1,3,3,1,1,1,1,1,1,3,1,1,1,1,1,1,1,1,1,1,1,1,1,1,1,1,1,1,1,1,1,1,1,1,1,1,1,1,1,1,1,1,1,1,1,1,1,1,1,1,1,1,1,1,1,1,1,1,1,1,1,1,1,1,1,1,1,1,1,1,1,1,1,1,1,1,1,1,1,1,1,1,1,1,1,1,1,1,1,1,1,1,1,1,1,1,1,1,1,1,1,1,1,1,1,1,1,1,1,2,1,1,1,1
             1264675899.1,              171113275.6,3,1,1,3,1,1,1,1,1,1,1,3,1,1,1,1,1,2,1,1,1,1,1,3,1,3,1,1,2,3,1,1,1,1,1,1,1,1,1,1,1,1,1,3,1,3,1,1,1,1,1,1,1,1,1,1,1,1,3,3,1,1,1,1,1,1,1,1,1,1,1,1,1,1,1,3,1,1,1,1,1,1,1,3,1,1,1,3,1,1,1,3,1,1,3,1,1,3,1,1,1,1,1,1,1,1,1,1,1,1,2,1,1,1,1,1,1,1,1,1,1,1,1,1,1,3,1,5,1,1,2,1,1,1,1,1,1,1,1,1,1,1,1,3,1,1,1,1,1,1,1,3,3,1,1,1,1,1,1,1,3,1,1,1,1,1,1,1,1,1,1,1,1,1,1,1,1,1,1,1,1,1,1,1,1,1,1,1,1,1,1,1,1,1,3,2,3,1,1
             1915266323.8,              250962929.2,3,3,1,3,2,1,3,1,1,3,1,3,3,1,1,3,1,1,1,2,2,1,1,3,3,1,1,1,1,1,1,1,2,1,1,1,1,1,1,1,1,3,1,3,1,3,1,1,1,1,1,1,1,1,1,1,1,1,3,1,2,1,4,1,1,1,1,1,1,1,1,1,1,1,3,1,1,1,1,1,1,1,1,1,1,1,1,3,1,1,3,2,1,1,3,1,1,3,1,1,1,1,1,1,3,1,1,1,3,1,3,1,1,1,1,1,1,1,1,1,1,3,1,1,1,3,1,2,1,1,1,1,1,1,1,1,1,1,1,1,2,3,1,3,1,1,1,1,1,1,3,3,1,1,1,1,1,1,1,1,1,1,1,1,1,1,1,3,1,1,1,1,1,1,1,3,1,1,3,3,2,1,1,1,1,2,1,1,1,2,1,1,1,1,1,3,3,4,1
             1382229401.8,              193774803.7,3,1,1,3,1,2,1,1,1,1,1,2,2,1,1,1,1,2,1,1,1,1,1,3,1,3,1,1,1,1,1,1,1,1,1,1,1,1,1,1,1,1,1,3,1,3,1,1,1,1,1,1,1,1,1,1,1,1,3,1,1,1,3,1,1,1,1,2,1,1,1,1,1,1,3,3,1,1,1,1,1,1,1,3,1,3,3,3,1,1,1,3,1,3,3,1,1,3,1,1,1,1,1,1,3,1,1,1,1,1,1,1,1,1,1,1,1,1,1,1,1,2,1,1,3,3,3,1,1,1,1,1,1,1,1,1,1,1,1,1,1,1,1,1,1,1,1,1,1,1,1,1,1,1,1,1,1,1,1,1,1,1,3,1,1,1,1,3,3,1,1,1,1,1,1,1,1,1,1,1,1,1,1,1,1,1,1,1,1,1,1,1,1,1,3,1,3,1,1
             2076607732.3,              255875360.9,1,3,3,3,1,1,3,1,1,3,1,3,3,1,1,3,1,1,2,3,3,1,1,3,3,1,1,1,1,1,1,1,2,2,1,1,1,1,4,1,1,3,1,3,1,3,1,1,1,1,1,1,1,1,1,1,1,1,3,1,2,1,4,1,1,1,1,1,1,1,1,1,1,1,3,1,1,1,1,1,2,1,1,1,1,1,1,3,1,1,3,1,1,1,3,1,1,3,2,1,1,1,1,1,3,1,1,1,3,1,2,1,1,1,1,1,3,1,1,1,1,2,1,1,1,3,1,1,1,1,1,1,2,1,1,1,1,1,1,1,1,3,1,3,1,1,1,1,1,1,3,3,1,1,1,1,1,2,1,1,1,1,1,1,1,1,1,1,1,4,1,1,1,1,1,3,3,1,3,2,1,1,1,1,1,1,1,1,1,2,1,1,1,1,1,3,3,1,1
             1870225005.5,              242601496.4,3,1,1,3,1,1,1,1,1,3,1,1,3,3,1,1,1,2,1,1,3,1,1,1,1,3,1,1,1,3,1,1,1,1,1,1,1,1,1,1,1,3,1,3,1,3,1,1,1,1,2,1,1,1,1,1,1,1,3,1,1,1,4,1,1,1,2,1,1,2,1,1,1,1,3,1,1,3,1,1,2,1,1,1,1,1,1,3,1,1,1,3,1,4,3,1,1,1,1,1,2,1,1,1,1,1,1,1,3,1,1,1,1,1,3,1,1,1,1,1,1,3,1,2,3,3,3,1,1,1,1,1,1,1,1,1,1,1,1,1,2,3,1,3,1,1,1,1,1,1,1,1,1,1,1,1,1,1,1,1,2,4,1,1,2,1,1,2,3,1,1,1,1,1,3,1,3,1,1,1,1,1,1,1,1,1,3,1,1,1,1,1,1,1,3,1,3,1,3
             1788627901.5,              230646693.0,1,3,3,3,1,1,3,1,1,3,1,3,3,1,1,3,1,1,2,3,3,1,1,3,3,1,1,1,1,1,1,1,2,2,1,1,1,1,1,1,1,3,1,3,1,3,1,1,1,1,1,1,1,1,1,1,1,1,3,1,2,1,4,1,1,1,1,1,1,1,1,1,1,1,3,1,1,1,1,1,1,1,1,1,1,1,1,3,1,1,3,1,1,1,3,1,1,3,1,1,1,1,1,1,3,1,1,1,3,1,1,1,1,1,1,1,1,1,1,1,1,2,1,1,1,3,1,1,1,1,1,1,1,1,1,1,1,1,1,1,1,3,1,3,1,1,1,1,1,1,3,3,1,1,1,1,1,1,1,1,1,1,1,1,1,1,1,3,1,1,1,1,1,1,1,3,1,1,3,2,1,1,1,1,1,1,1,1,1,2,1,1,1,1,1,3,3,1,1
              896499078.3,              128320565.7,3,1,1,3,1,1,1,1,1,1,1,1,3,1,1,1,1,1,1,1,3,1,1,3,1,1,1,1,1,1,1,1,1,1,1,1,1,1,1,1,1,1,1,3,1,3,1,1,1,1,1,1,1,1,1,1,1,1,3,1,1,1,1,1,1,2,1,1,1,1,1,1,1,1,1,3,1,1,1,1,1,1,1,1,1,3,1,1,1,1,1,1,1,1,1,1,1,3,1,1,1,1,1,1,1,1,1,1,1,1,1,1,1,1,1,1,1,1,1,1,1,1,1,1,1,1,1,1,1,1,1,1,1,1,1,1,1,1,1,1,1,1,1,3,1,1,1,1,1,3,1,1,1,1,1,1,1,1,3,3,1,1,1,1,1,1,1,3,1,1,1,1,1,1,1,1,1,1,1,1,1,1,1,1,1,1,1,1,1,1,1,1,1,1,3,3,3,1,1
             2057738942.1,              252188459.3,3,1,1,3,1,1,1,1,1,5,1,6,3,3,1,3,1,2,1,1,3,3,1,3,1,1,1,1,1,3,5,1,1,1,1,1,1,1,3,1,1,4,1,1,1,3,1,2,1,2,1,1,1,1,1,1,1,1,3,3,1,1,4,1,1,1,1,1,1,3,1,1,1,1,3,1,1,3,1,1,1,1,1,1,1,1,3,3,1,1,1,1,1,1,3,1,1,3,1,1,2,1,1,1,1,1,1,1,3,1,1,1,1,1,1,1,1,1,1,1,1,3,3,2,1,3,3,1,1,1,1,1,1,1,1,2,1,1,1,1,2,3,1,3,1,1,1,1,1,1,1,1,3,1,1,1,1,1,1,3,2,3,1,1,1,1,1,3,1,1,1,1,1,1,1,1,1,1,1,1,1,1,1,1,1,1,1,1,1,2,1,1,1,1,3,3,1,1,3
              505287418.6,               69777774.6,1,1,1,3,1,1,1,1,1,1,1,1,1,3,1,1,1,1,1,1,1,1,1,1,1,1,1,1,1,1,1,1,1,1,1,1,1,1,1,1,1,1,1,1,1,3,1,1,1,1,1,1,1,2,1,1,1,1,3,1,1,1,1,1,1,1,1,1,1,1,1,1,1,1,3,1,1,1,1,1,1,1,1,1,1,1,3,3,1,1,1,1,1,1,3,1,1,1,1,1,1,1,1,1,1,1,1,1,1,1,1,1,1,1,1,1,1,1,1,1,1,1,1,1,1,1,1,1,1,1,1,1,1,1,1,1,1,1,1,1,1,1,1,1,1,1,1,1,1,1,1,1,3,1,1,1,1,1,1,1,1,1,1,1,1,1,1,1,1,1,1,1,1,1,1,1,1,1,1,1,1,1,1,1,1,1,1,1,1,1,1,1,1,1,2,1,1,1,1
             1745313833.5,              220480180.3,3,1,1,3,1,1,3,1,1,1,5,1,3,1,3,3,1,1,1,2,3,2,1,3,1,3,1,1,1,3,1,1,2,1,1,1,1,1,1,2,1,1,1,3,1,3,1,1,1,1,1,1,1,1,1,1,1,1,3,1,2,1,4,1,1,1,1,3,1,1,1,1,1,1,1,2,1,3,1,1,1,1,1,1,1,1,3,3,1,1,1,1,1,1,1,1,1,3,1,1,1,1,1,1,1,1,1,1,3,1,1,1,1,1,1,1,1,1,1,1,1,3,1,1,1,1,3,1,1,1,1,1,1,1,1,1,1,1,1,1,2,3,1,3,1,1,1,1,1,1,3,3,1,1,1,1,1,1,1,3,1,1,1,1,1,1,1,3,1,1,1,1,1,1,1,3,1,1,1,3,1,1,1,1,1,1,1,1,1,2,1,1,1,1,1,1,3,1,1
              859802936.4,              118800036.3,1,1,1,3,1,1,1,1,1,1,1,1,3,3,1,1,1,1,1,1,1,1,1,1,1,1,1,1,1,3,1,1,1,1,1,1,1,1,1,1,1,1,1,3,1,3,1,1,1,1,1,1,1,1,1,1,1,1,3,1,1,1,1,1,1,1,1,1,1,1,1,1,1,1,3,1,1,1,1,1,1,1,1,1,1,1,3,3,1,1,1,1,1,1,1,1,1,1,1,1,1,1,1,1,3,1,1,1,1,1,1,1,1,1,1,1,1,1,1,1,1,1,1,1,1,1,3,5,1,1,1,1,1,1,1,1,1,1,1,1,1,1,1,3,1,1,1,1,1,1,3,3,1,1,1,1,1,1,1,3,1,1,1,1,1,1,1,2,1,1,1,1,1,1,1,1,1,1,1,1,1,1,1,1,1,1,1,1,1,1,1,1,1,3,1,1,1,1,1
              912490649.8,              129771100.8,3,1,1,3,1,1,1,1,1,1,1,1,1,1,1,1,1,1,1,2,3,1,1,3,1,3,1,1,1,3,1,1,1,1,1,1,1,1,1,1,1,1,1,3,1,3,1,1,1,1,1,1,1,1,1,1,1,1,3,1,1,1,1,1,1,1,1,1,1,1,1,1,1,1,1,1,1,1,1,1,1,1,1,1,1,3,3,1,1,1,1,1,1,1,3,1,1,3,1,1,1,1,1,1,1,1,1,1,1,1,1,1,1,1,1,1,1,1,1,1,1,1,1,1,3,3,3,1,1,1,1,1,1,1,1,1,1,1,1,1,1,1,1,1,1,1,1,1,1,1,1,1,1,1,1,1,1,1,1,1,1,1,1,1,1,1,1,2,1,1,1,1,1,1,3,1,1,1,1,2,1,1,1,1,1,1,1,1,1,1,1,1,1,1,1,1,1,1,3
              710221775.5,               87194911.6,3,1,1,3,1,1,1,1,1,1,1,1,3,3,1,1,1,1,1,1,1,1,1,1,1,1,1,1,1,1,1,1,1,1,1,1,1,1,1,1,1,1,1,3,1,3,1,1,1,1,1,1,1,1,1,1,1,1,3,1,1,1,1,1,1,1,1,1,1,1,1,1,1,1,1,1,1,1,1,1,1,1,1,1,1,3,1,1,1,1,1,1,1,1,3,1,1,1,1,1,1,1,1,1,1,1,1,1,1,4,1,1,1,1,1,1,1,1,1,1,1,1,1,1,3,1,1,1,1,1,1,1,1,1,1,2,1,1,1,1,1,1,1,3,1,1,1,1,1,1,1,1,1,1,1,1,1,1,1,3,1,1,1,1,1,1,1,1,1,1,1,1,1,1,1,1,1,1,1,1,1,1,1,1,1,1,1,1,1,1,1,1,1,1,1,1,1,1,1
              739145396.7,               92948833.7,3,1,1,3,1,1,1,1,1,1,1,1,1,3,1,1,1,3,1,1,1,1,1,3,1,1,1,1,1,1,1,1,1,1,1,1,1,1,1,1,1,1,1,1,1,3,1,1,1,1,1,1,1,2,1,1,1,1,3,1,1,1,1,1,1,1,1,1,1,1,1,1,1,1,3,1,1,1,1,1,1,1,1,1,1,1,3,3,1,1,1,1,1,1,3,1,1,3,1,1,1,1,1,1,1,1,1,1,1,1,1,1,1,1,1,1,1,1,1,1,1,1,1,1,1,1,1,1,1,1,1,1,1,1,1,1,1,1,1,1,1,1,1,1,1,1,1,1,1,1,1,1,1,1,1,1,1,1,1,1,1,1,1,1,1,1,1,1,1,1,1,1,1,1,1,1,1,1,1,2,1,1,1,1,1,1,1,1,1,1,1,1,1,1,2,1,1,1,1
              890980272.8,              126296717.4,1,1,1,3,1,1,1,1,1,1,1,1,3,3,1,1,1,3,1,1,3,1,1,3,1,3,1,1,1,1,1,1,1,1,1,1,1,1,1,1,1,1,1,3,1,1,1,1,1,1,1,1,1,1,1,1,1,1,3,1,1,1,1,1,1,1,1,1,1,1,1,1,1,1,1,1,1,1,1,1,1,1,1,1,1,1,1,1,1,1,1,1,1,1,3,1,1,3,1,1,1,1,1,1,1,1,1,1,1,1,1,1,1,1,1,1,1,1,1,1,1,1,1,1,3,1,3,1,1,1,1,1,1,1,1,1,1,1,1,1,2,1,1,3,1,1,1,1,1,3,1,3,1,1,1,1,1,1,1,3,1,1,1,1,1,1,1,2,1,1,1,1,1,1,1,1,1,1,1,1,1,1,1,1,1,1,1,1,1,1,1,1,1,3,1,1,1,1,1
              856101911.5,              117871804.9,3,1,1,3,1,1,1,5,1,1,1,1,3,1,1,1,1,1,1,1,3,1,1,3,1,1,1,1,1,1,1,1,1,1,1,1,1,1,1,1,1,1,1,3,1,3,1,1,1,1,1,1,1,1,1,1,1,1,3,1,1,1,1,1,1,1,1,1,1,1,1,1,1,1,3,1,1,1,1,1,1,1,1,1,1,1,3,3,1,1,1,1,1,1,3,1,1,3,1,1,1,1,1,1,1,1,1,1,1,1,1,1,1,1,1,1,1,1,1,1,1,1,1,1,3,1,3,1,1,1,1,1,1,1,1,1,1,1,1,1,1,1,1,1,1,1,1,1,1,1,1,1,1,1,1,1,1,1,1,1,1,1,1,1,1,1,1,2,1,1,1,1,1,1,1,1,1,1,1,2,1,1,1,1,1,1,1,1,1,1,1,1,1,1,1,1,1,1,3
             1911967199.5,              249719111.3,3,1,1,3,1,1,3,1,1,3,1,3,3,1,1,1,1,1,1,1,3,5,1,3,1,3,1,1,1,3,1,1,1,1,1,1,1,1,1,1,1,1,1,3,1,1,3,1,1,1,2,1,1,1,1,1,1,1,3,3,1,1,4,2,3,1,2,1,1,2,1,1,1,1,3,1,1,3,1,1,1,1,1,3,1,1,1,3,1,1,1,3,1,4,3,1,1,1,1,1,1,1,1,1,1,1,1,1,3,1,1,1,1,1,3,1,1,1,3,1,1,3,1,1,1,3,3,1,1,1,1,1,1,1,1,1,1,1,1,1,2,3,1,3,1,1,1,1,1,1,1,3,1,1,1,1,1,1,1,1,2,1,1,1,1,1,1,3,1,1,1,1,1,1,3,1,3,1,1,1,1,1,1,1,1,1,1,1,1,2,1,1,1,1,3,1,3,1,3
             1398081093.6,              194502065.6,1,1,1,3,1,1,1,1,1,1,1,1,3,1,1,3,1,1,1,2,3,1,1,3,1,1,1,1,1,1,1,1,1,1,1,1,1,1,1,1,1,1,1,3,1,2,3,1,1,1,1,1,1,1,1,1,1,1,3,1,1,1,1,1,1,1,1,1,1,1,1,1,1,1,3,1,1,1,1,1,1,1,1,1,1,3,3,3,1,1,1,3,1,1,3,1,1,3,1,1,1,1,1,1,1,1,1,1,3,1,2,1,1,1,1,1,1,1,3,1,1,1,1,1,1,3,3,1,1,1,2,1,1,1,1,1,1,1,1,5,2,1,1,1,1,1,1,1,1,3,1,3,1,1,1,1,1,1,1,3,3,1,1,1,1,1,1,2,1,1,1,1,1,1,1,1,1,1,3,1,1,1,1,1,1,1,1,1,1,3,1,1,1,1,3,1,1,1,3
              800990993.3,              105863803.9,3,1,1,3,1,1,1,1,1,1,1,1,3,3,1,1,1,1,1,1,1,1,1,3,1,2,1,1,1,1,1,1,1,1,1,1,1,1,1,1,1,1,1,3,1,3,1,1,1,1,1,1,1,1,1,1,1,1,3,1,1,1,1,1,1,1,1,1,1,1,1,1,1,1,1,3,1,1,1,1,1,1,1,1,1,1,1,3,1,1,1,1,1,1,1,1,1,1,1,1,1,1,1,1,3,1,1,1,1,1,1,1,1,1,1,1,1,1,1,1,1,1,1,1,1,3,1,1,1,1,1,1,1,1,1,1,1,1,1,1,1,1,1,1,1,1,1,1,1,1,1,3,1,1,1,1,1,1,1,1,1,1,1,1,1,1,1,1,1,1,1,1,1,1,1,1,1,1,1,2,1,1,1,1,1,1,1,1,1,1,1,1,1,1,3,3,1,1,1
              810493466.7,              109739327.3,1,1,1,3,1,1,1,1,1,1,1,1,3,1,1,3,1,1,1,1,1,1,1,3,1,1,1,1,1,1,1,1,1,1,1,1,1,1,1,1,1,1,1,1,1,3,1,1,1,1,1,1,1,1,1,1,1,1,3,1,2,1,1,1,1,1,1,1,1,3,1,1,1,1,1,1,1,1,1,1,1,1,1,1,1,1,3,3,1,1,1,3,1,1,3,1,1,1,1,1,1,1,1,1,3,1,1,1,1,1,1,1,1,1,1,1,1,1,1,1,1,1,1,1,1,1,3,1,1,1,1,1,1,1,1,1,1,1,1,1,1,1,1,1,1,1,1,1,1,1,1,1,1,1,1,1,1,1,1,3,1,1,1,1,1,1,1,1,1,1,1,1,1,1,3,1,1,1,1,1,1,1,1,1,1,1,1,1,1,1,1,1,1,1,1,1,3,1,1
             1260241535.2,              170390529.8,1,3,1,3,1,1,1,1,1,1,1,1,3,3,3,1,1,3,1,1,1,1,1,1,1,3,1,1,1,1,1,1,1,1,1,1,1,1,1,1,2,1,1,3,1,3,1,1,1,1,1,1,1,1,1,1,1,1,3,1,1,1,1,1,1,1,1,1,1,1,1,1,1,1,1,3,1,1,1,1,1,1,1,1,1,3,3,3,1,1,1,1,1,1,3,1,1,3,1,1,1,1,1,1,1,1,1,1,1,3,1,1,1,1,1,1,1,1,1,1,1,1,1,1,3,3,3,5,1,1,1,1,1,1,1,1,1,1,1,1,1,1,1,3,5,1,1,1,1,1,1,1,1,1,1,1,1,1,1,1,1,1,3,1,1,1,1,3,1,1,1,1,1,1,1,1,1,1,1,3,1,1,1,1,1,1,1,1,1,1,1,1,1,1,3,1,1,1,1
             1337409655.3,              186058768.1,3,1,1,3,1,1,1,1,1,1,1,3,3,3,1,3,1,1,1,1,3,1,1,1,1,1,1,1,1,1,1,1,1,1,1,1,1,1,1,1,1,1,1,3,1,3,3,1,1,1,1,1,1,1,1,1,1,1,3,3,1,1,1,1,1,1,1,1,1,3,1,1,1,1,3,1,1,1,1,1,1,1,1,1,1,1,3,3,1,1,3,1,1,1,3,1,1,3,1,1,1,1,1,1,1,1,1,1,1,1,1,1,1,1,1,1,1,1,1,1,1,1,1,2,1,3,3,1,1,1,1,1,1,1,1,1,1,1,1,5,1,3,1,1,1,1,1,1,1,1,1,3,1,1,1,1,1,1,1,3,1,1,1,1,1,1,1,3,1,1,1,1,1,1,1,1,1,1,3,2,1,1,1,2,1,1,1,1,1,1,1,1,1,1,3,1,1,1,1
             1345188426.5,              186917884.4,1,1,1,3,1,1,1,3,1,1,1,1,3,1,1,3,1,1,1,2,3,1,1,3,1,1,1,1,1,3,1,1,1,1,1,3,1,1,1,1,1,2,1,1,1,1,1,1,1,1,1,3,1,1,1,1,1,1,3,1,1,1,1,1,1,1,1,1,1,1,1,1,1,1,3,3,1,1,1,1,1,1,1,3,1,3,1,3,1,1,1,3,1,1,3,1,1,3,1,1,1,1,1,1,1,1,1,1,3,1,1,1,1,1,1,1,1,1,1,1,1,1,1,1,3,3,3,1,1,1,2,1,1,1,1,1,1,1,1,1,1,3,1,1,1,1,1,1,1,1,1,1,1,1,1,1,1,1,1,3,1,1,1,1,1,1,1,3,1,1,1,1,1,1,1,1,1,1,1,3,1,1,1,1,1,1,1,1,1,3,1,1,1,1,1,1,3,1,1
              944308820.5,              134188607.4,1,1,1,3,1,1,1,1,1,1,1,1,3,3,1,3,1,1,1,1,3,1,1,1,1,1,1,1,1,1,1,1,1,1,1,1,1,1,1,1,1,1,1,1,1,3,1,1,1,1,1,1,1,1,1,1,1,1,3,1,1,1,1,1,1,1,1,1,1,1,1,1,1,1,1,1,1,3,1,1,1,1,1,1,1,3,3,3,1,1,1,3,1,1,1,1,1,1,1,1,1,1,1,1,3,1,1,1,3,1,1,1,1,1,1,1,1,1,1,1,1,1,1,1,1,1,3,1,1,1,1,1,1,1,1,1,1,1,1,1,2,1,1,1,1,1,1,1,1,1,1,1,3,1,1,1,1,1,1,3,1,1,1,1,1,1,1,3,1,1,1,1,1,1,1,1,1,1,1,1,1,1,1,1,1,1,1,1,1,1,1,1,1,1,3,1,3,1,1
             1681692876.3,              210776312.1,3,1,1,3,1,1,6,1,1,3,1,6,3,3,1,3,1,1,1,1,3,1,1,1,1,1,1,1,1,1,1,1,1,1,1,1,1,1,1,1,1,1,1,1,1,3,1,1,1,2,1,1,1,1,1,1,1,1,3,3,1,1,4,1,1,1,1,1,1,3,1,1,1,1,3,1,1,3,1,1,1,1,1,1,1,3,1,3,1,1,1,1,1,1,1,1,1,1,1,1,2,1,1,1,1,1,1,1,3,1,1,1,1,1,1,1,1,1,1,1,1,3,1,2,1,3,3,1,1,1,1,1,1,1,1,2,1,1,1,1,2,3,1,3,1,1,1,1,1,1,1,1,3,1,1,1,1,1,1,3,2,3,1,1,1,1,1,3,1,1,1,1,1,1,1,1,1,1,1,1,1,1,1,1,1,1,1,1,1,1,1,1,1,1,3,3,3,1,3
              709666808.8,               87015910.4,3,1,1,3,1,1,1,1,1,1,1,1,3,3,1,1,1,1,1,1,3,1,1,1,1,1,1,1,1,1,1,1,1,1,1,1,1,1,1,1,1,1,1,1,1,1,1,1,1,1,1,1,1,1,1,1,1,1,3,1,1,1,1,1,1,1,1,1,1,1,1,1,1,1,1,1,1,1,1,1,1,1,1,1,1,3,3,1,1,1,1,1,1,1,3,1,1,1,1,1,1,1,1,1,1,1,1,1,1,4,1,1,1,1,1,1,1,1,1,1,1,1,1,1,3,1,1,1,1,1,1,1,1,1,1,2,1,1,1,1,1,1,1,3,1,1,1,1,1,1,1,1,1,1,1,1,1,1,1,3,1,1,1,1,1,1,1,1,1,1,1,1,1,1,1,1,1,1,1,1,1,1,1,1,1,1,1,1,1,1,1,1,1,1,1,1,1,1,1
             1201541396.4,              159632338.5,3,1,1,3,1,1,1,1,1,1,1,1,3,1,3,1,1,1,1,2,3,1,1,3,1,3,1,1,1,1,1,1,1,1,1,1,1,1,1,1,1,1,1,3,1,2,1,1,1,1,1,1,1,3,1,1,1,1,3,1,1,1,1,1,1,1,1,1,1,1,1,1,1,1,3,1,1,1,1,1,1,1,1,3,1,3,3,3,1,1,1,1,1,1,3,1,1,1,1,1,1,1,1,1,1,1,1,1,1,1,2,1,1,1,1,1,1,1,1,1,1,1,1,1,3,1,3,1,1,1,1,1,1,1,1,1,1,1,1,1,1,1,1,3,1,1,1,1,1,1,1,1,1,1,1,1,1,1,1,1,1,1,3,1,1,1,1,3,1,1,1,1,1,1,1,1,1,1,1,1,1,1,1,1,1,1,1,1,1,1,1,1,1,1,3,1,1,1,3
              783339831.8,              104555514.9,1,1,1,3,1,1,1,1,1,1,1,1,3,1,1,3,1,1,1,1,3,1,1,3,1,1,1,1,1,1,1,1,1,1,1,1,1,1,1,1,1,1,1,1,1,3,1,1,1,1,1,1,1,1,1,1,1,1,3,1,1,1,1,1,1,1,1,1,1,1,1,1,1,1,3,1,1,1,1,1,1,1,1,1,1,3,3,3,1,1,1,1,1,1,3,1,1,3,1,1,1,1,1,1,1,1,1,1,1,1,1,1,1,1,1,1,1,1,1,1,1,1,1,1,1,1,3,1,1,1,1,1,1,1,1,1,1,1,1,1,1,1,1,1,1,1,1,1,1,1,1,1,1,1,1,1,1,1,1,1,1,1,1,1,1,1,1,2,1,1,1,1,1,1,1,1,1,1,1,1,1,1,1,1,1,1,1,1,1,1,1,1,1,1,1,1,1,1,3
             1811253780.1,              233680124.6,3,1,1,3,1,1,1,1,1,3,1,6,3,3,1,3,1,2,1,1,3,1,1,3,1,1,1,1,1,3,1,1,1,1,1,1,1,1,1,1,1,4,1,1,1,3,1,1,1,2,1,1,1,1,1,1,1,1,3,3,1,1,4,1,1,1,1,1,1,3,1,1,1,1,3,1,1,3,1,1,1,1,1,1,1,1,3,3,1,1,1,1,1,1,3,1,1,3,1,1,2,1,1,1,1,1,1,1,3,1,1,1,1,1,1,1,1,1,1,1,1,3,1,2,1,3,3,1,1,1,1,1,1,1,1,2,1,1,1,1,2,3,1,3,1,1,1,1,1,1,1,1,3,1,1,1,1,1,1,3,2,3,1,1,1,1,1,3,1,1,1,1,1,1,1,1,1,1,1,1,1,1,1,1,1,1,1,1,1,2,1,1,1,1,3,3,1,1,3
              802327653.7,              108019620.7,3,1,1,3,1,1,1,1,1,1,1,1,3,3,1,1,1,1,1,1,3,1,1,1,1,1,1,1,1,1,1,1,1,1,1,1,1,1,1,1,1,1,1,1,1,1,1,1,1,1,1,1,1,1,1,1,1,1,3,1,1,1,1,1,1,1,1,1,1,1,1,1,1,1,1,1,1,1,1,1,1,1,1,1,1,3,3,1,1,1,1,1,1,1,3,1,1,3,1,1,1,1,1,1,1,1,1,1,1,1,1,1,1,1,1,1,1,1,1,1,1,1,1,1,3,1,3,1,1,1,1,1,1,1,1,2,1,1,1,1,2,1,1,3,1,1,1,1,1,1,1,1,1,1,1,1,1,1,1,3,3,1,1,1,1,1,1,1,1,1,1,1,1,1,1,1,1,1,1,1,1,1,1,1,1,1,1,1,1,1,1,1,1,1,1,1,1,1,1
              781379069.9,              102088729.8,3,1,1,3,1,1,1,1,1,1,1,1,3,3,1,1,1,1,1,1,1,1,1,3,1,1,1,1,1,1,1,1,1,1,1,1,1,1,1,1,1,1,1,3,1,3,1,1,1,1,1,1,1,1,1,1,1,1,3,1,1,1,1,1,1,1,1,1,1,1,1,1,1,1,1,1,1,1,1,1,1,1,1,1,1,1,1,3,1,1,1,1,1,1,1,1,1,3,1,1,1,1,1,1,3,1,1,1,1,1,1,1,1,1,1,1,1,1,1,1,1,1,1,1,3,3,3,1,1,1,1,1,1,1,1,1,1,1,1,1,1,1,1,1,1,1,1,1,1,1,1,1,1,1,1,1,1,1,1,1,1,1,1,1,1,1,1,1,1,1,1,1,1,1,1,1,1,1,1,2,1,1,1,1,1,1,1,1,1,1,1,1,1,1,1,1,1,1,3
             1369008659.9,              190811593.6,1,1,1,3,1,1,1,1,1,1,1,1,3,3,1,3,1,1,1,2,3,1,1,3,3,3,1,1,1,3,1,1,1,1,1,1,1,1,1,1,1,1,1,3,1,2,3,1,1,1,1,1,1,1,1,1,1,1,3,3,1,1,1,2,1,1,1,1,1,1,1,1,1,1,3,1,1,1,1,1,1,1,1,1,1,1,3,3,1,1,3,1,1,1,3,1,1,3,1,1,1,1,1,1,1,1,1,1,1,1,1,1,1,1,1,1,1,1,1,1,1,1,1,1,1,1,3,1,1,1,2,1,1,1,1,1,1,1,1,1,1,1,1,1,1,1,1,1,1,1,1,3,1,1,1,1,1,1,1,3,1,1,1,1,1,1,1,3,1,1,1,1,1,1,1,3,1,1,1,3,1,1,1,1,1,1,1,1,1,1,1,1,1,3,3,1,1,1,3
             1698765489.3,              214677301.4,1,1,1,3,1,1,1,1,1,1,1,3,3,3,1,3,1,1,1,1,3,1,1,1,1,3,1,1,1,1,1,1,1,1,1,3,1,1,1,1,1,1,1,1,1,1,3,1,1,1,1,1,1,1,1,1,1,1,3,1,1,1,1,2,1,1,1,1,1,1,1,1,1,1,3,1,1,1,1,1,1,1,1,1,1,3,1,3,1,1,3,1,1,2,3,1,1,3,1,1,1,1,1,1,1,1,1,1,3,1,1,1,1,1,1,1,1,1,1,1,1,1,1,2,1,3,3,1,1,1,1,1,1,1,1,1,1,1,1,5,2,3,1,3,1,1,2,1,1,3,1,3,3,1,1,1,1,1,1,3,3,1,1,1,1,1,1,3,1,1,1,1,1,1,1,1,1,1,1,3,1,1,1,2,1,1,1,1,1,1,1,1,1,1,3,2,3,1,1
             1746610495.4,              222092597.1,1,1,1,6,1,1,1,3,1,1,1,3,3,3,1,3,1,1,1,1,3,1,1,1,1,3,1,1,1,1,1,1,1,1,1,3,1,1,1,1,1,1,2,1,1,1,3,1,1,1,1,1,1,1,1,1,1,1,3,1,1,1,1,1,1,1,1,1,1,1,1,1,1,1,3,1,1,1,1,1,1,1,1,1,1,3,1,3,1,1,3,1,1,2,3,1,1,3,1,1,1,1,1,1,1,1,1,1,3,1,1,1,1,1,1,1,1,1,1,1,1,1,1,2,1,3,3,1,1,1,3,1,1,1,2,1,1,1,1,5,1,3,1,3,1,1,2,1,1,3,1,3,3,1,1,1,1,1,1,3,3,1,1,1,1,1,1,3,1,1,1,1,1,1,1,1,1,1,1,3,1,1,1,2,1,1,1,1,1,1,1,1,1,1,3,2,3,1,1
              722491126.6,               89344484.9,3,1,1,1,1,1,1,1,1,1,1,1,1,3,1,1,1,1,1,1,1,1,1,1,1,1,1,1,1,1,1,1,1,1,1,1,1,1,1,1,1,1,1,1,1,3,1,1,1,1,1,1,1,1,1,3,1,1,3,1,1,1,1,1,1,1,1,1,1,1,1,1,1,1,3,1,1,1,1,1,1,1,1,1,1,1,3,3,1,1,1,1,1,1,1,1,1,1,1,1,1,1,1,1,1,1,1,1,1,1,1,1,3,1,1,1,1,1,1,1,1,1,1,1,1,3,3,5,1,1,1,1,1,1,1,1,1,1,1,1,1,1,1,1,1,1,1,1,1,1,1,3,1,1,1,1,1,1,1,1,1,1,1,1,1,1,1,1,1,1,1,1,1,1,1,1,1,1,1,3,1,1,1,1,1,1,1,1,1,1,1,1,1,1,1,1,1,1,1
              781562621.5,              103909124.6,1,1,1,3,1,1,1,1,1,1,1,1,3,1,1,3,1,1,1,1,1,1,1,3,1,1,1,1,1,1,1,1,1,1,1,1,1,1,1,1,1,1,1,1,1,3,1,1,1,1,1,1,1,1,1,1,1,1,3,1,1,1,1,1,1,1,1,2,1,1,1,1,1,1,3,1,1,1,1,1,1,1,1,1,1,3,3,3,1,1,1,1,1,1,3,1,1,1,1,1,1,1,1,1,3,1,1,1,1,1,1,1,1,1,1,1,1,1,1,1,1,1,1,1,1,1,3,1,1,1,1,1,1,1,1,1,1,1,1,1,1,1,1,1,1,1,1,1,1,1,1,1,1,1,1,1,1,1,1,1,1,1,1,1,1,1,1,1,1,1,1,1,1,1,1,1,1,1,1,1,1,1,1,1,1,1,1,1,1,1,1,1,1,1,1,1,3,1,3
              815326613.0,              109913312.5,1,1,1,3,1,1,1,1,1,1,1,1,3,1,1,1,1,3,1,1,3,1,1,3,1,1,1,1,1,1,1,1,1,1,1,1,1,1,1,1,1,1,1,1,1,1,1,1,1,1,1,1,1,1,1,1,1,1,3,1,1,1,1,1,1,1,1,1,1,1,1,1,1,1,1,1,1,1,1,1,1,1,1,1,1,3,1,3,1,1,1,1,1,2,3,1,1,3,1,1,1,1,1,1,1,1,1,1,1,1,1,1,1,1,1,1,1,1,1,1,1,1,1,2,1,1,3,1,1,1,1,1,1,1,1,2,1,1,1,1,2,1,1,1,1,1,1,1,1,1,1,1,1,1,1,1,1,1,1,3,1,1,1,1,1,1,1,3,1,1,1,1,1,1,1,1,1,1,1,1,1,1,1,1,1,1,1,1,1,1,1,1,1,1,1,3,1,1,1
             1287374390.5,              177438318.4,3,1,1,3,1,1,1,1,1,1,1,1,3,1,1,1,1,2,1,1,3,1,1,3,1,3,1,1,1,3,1,1,1,1,1,1,1,1,1,1,1,1,1,3,1,3,1,1,1,1,1,1,1,1,1,1,1,1,3,3,1,1,1,1,2,1,1,1,1,1,1,1,1,1,1,3,1,1,1,1,1,1,1,1,1,1,3,3,1,1,1,3,1,1,3,1,1,3,1,1,1,1,1,1,3,1,1,1,1,1,1,1,1,1,1,1,1,1,1,1,1,1,1,1,1,3,3,1,1,1,1,1,1,1,1,1,1,1,1,1,1,1,1,1,1,1,1,1,1,1,1,3,1,1,1,1,1,1,1,1,3,1,3,1,1,1,1,3,1,1,1,1,1,1,1,1,1,1,1,1,1,2,1,1,1,1,1,1,1,1,1,1,1,1,3,1,3,1,1
             1159660641.0,              152194647.8,3,1,1,3,1,2,1,1,1,1,1,1,3,3,1,3,1,1,1,1,3,1,1,1,1,1,1,1,1,1,1,1,1,1,1,1,1,1,1,1,1,1,1,1,1,1,1,1,1,1,1,1,1,1,1,1,1,1,3,1,1,1,1,1,1,1,1,1,1,1,1,1,1,1,3,1,1,3,1,1,1,1,1,1,1,3,1,3,1,1,1,1,1,1,1,1,1,3,1,1,1,1,1,1,1,1,1,1,3,1,1,1,1,1,1,1,1,1,1,1,1,1,1,2,1,1,3,1,1,1,1,1,1,1,1,1,1,1,1,1,2,1,1,3,1,1,1,1,1,1,1,1,3,1,1,1,1,1,1,3,2,1,1,1,1,1,1,3,1,1,1,1,1,1,1,1,1,1,1,1,1,1,1,1,1,1,1,1,1,1,1,1,1,1,3,3,3,1,1
              682041338.0,               80289317.1,1,1,1,3,1,1,1,1,1,1,1,1,3,1,1,3,1,1,1,1,3,1,1,3,1,1,1,1,1,1,1,1,1,1,1,1,1,1,1,1,1,1,1,1,1,3,1,1,1,1,1,1,1,1,1,1,1,1,3,1,1,1,1,1,1,1,1,2,1,1,1,1,1,1,1,1,1,1,1,1,1,1,1,1,1,1,1,3,1,1,1,1,1,1,1,1,1,1,1,1,1,1,1,1,3,1,1,1,1,4,1,1,1,1,1,1,1,1,1,1,1,1,1,1,1,1,3,1,1,1,1,1,1,1,1,1,1,1,1,1,1,1,1,1,1,1,1,1,1,1,1,1,1,1,1,1,1,1,1,1,1,1,1,1,1,1,1,1,1,1,1,1,1,1,1,1,1,1,1,1,1,1,1,1,1,1,1,1,1,1,1,1,1,1,1,1,3,1,1
              912674127.6,              131095970.3,3,1,1,3,1,1,1,1,1,1,1,1,3,3,1,1,1,3,1,1,3,1,1,1,1,1,1,1,1,1,1,1,1,1,1,1,1,1,1,1,1,1,1,3,1,1,1,1,1,1,1,1,1,1,1,1,1,1,3,1,1,1,1,1,1,1,1,1,1,1,1,1,1,1,1,1,1,1,1,1,1,1,1,1,1,3,1,1,1,1,1,1,1,2,3,1,1,3,1,1,1,1,1,1,1,1,1,1,1,1,1,1,1,1,1,1,1,1,1,1,1,1,1,1,3,1,3,1,1,1,1,1,1,1,1,2,1,1,1,1,2,1,1,3,1,1,1,1,1,3,1,1,1,1,1,1,1,1,1,3,3,1,1,1,1,1,1,3,1,1,1,1,1,1,1,1,1,1,1,1,1,1,1,1,1,1,1,1,1,1,1,1,1,1,1,1,1,1,1
             1136719169.2,              146018319.1,3,1,1,3,1,1,1,1,1,1,1,1,3,3,1,1,1,3,1,1,1,1,1,3,1,3,1,1,1,3,1,1,1,1,1,1,1,1,1,1,1,1,1,3,1,3,1,1,1,1,1,1,1,2,1,1,1,1,3,1,1,1,1,1,1,1,1,1,1,1,1,1,1,1,3,1,1,1,1,1,1,1,1,1,1,1,3,3,1,1,1,1,1,1,3,1,1,3,1,1,1,1,1,1,1,1,1,1,1,5,1,1,1,1,1,1,1,1,1,1,1,1,1,1,3,1,3,1,1,1,1,1,1,1,1,1,1,1,1,1,1,1,1,1,1,1,1,1,1,1,1,3,1,1,1,1,1,1,1,1,1,1,1,1,1,1,1,2,1,1,1,1,1,1,1,1,1,1,1,2,1,1,1,1,1,1,1,1,1,1,1,1,1,1,3,1,1,1,1
              947395406.7,              134297225.7,3,1,1,3,1,2,1,1,1,1,1,1,1,3,1,3,1,1,1,1,3,1,1,1,1,1,1,1,1,1,1,1,1,1,1,1,1,1,1,1,1,1,1,3,1,3,1,1,1,1,1,1,1,3,1,1,1,1,3,1,1,1,1,1,1,1,1,1,1,1,1,1,1,1,1,1,1,1,1,1,1,1,1,1,1,3,3,1,1,1,1,1,1,1,1,1,1,3,1,1,1,1,3,1,3,1,1,1,1,1,1,1,1,1,1,1,1,1,1,1,1,1,1,1,3,1,3,1,1,1,1,1,1,1,1,1,1,1,1,1,1,1,1,3,1,1,1,1,1,1,1,1,1,1,1,1,1,1,1,1,1,1,1,1,1,1,1,3,1,1,1,1,1,1,1,1,1,1,1,1,1,1,1,1,1,1,1,1,1,1,1,1,1,1,1,1,3,1,3
             2059338054.3,              253883368.5,3,1,1,3,1,1,1,1,1,1,1,3,3,3,3,3,1,3,1,2,3,1,1,1,1,1,1,1,1,3,1,1,1,1,4,1,1,1,1,1,1,1,1,1,1,3,1,1,1,2,1,1,1,1,1,1,1,1,3,3,1,1,3,1,1,1,1,1,1,3,1,1,1,1,3,1,1,1,1,1,1,2,1,1,1,3,1,3,1,1,1,1,2,1,3,1,1,1,1,1,2,1,1,1,1,1,1,1,1,1,1,1,1,1,1,1,1,1,1,1,1,3,1,2,3,3,3,1,1,1,2,1,1,1,1,2,1,1,1,1,2,3,1,1,1,1,1,1,1,1,1,1,1,2,1,1,1,1,3,2,1,1,1,1,3,1,2,3,1,1,1,1,1,1,1,3,3,1,1,3,1,2,1,1,1,1,1,1,1,1,1,1,1,1,3,3,3,1,3
              772470811.6,              100669423.1,1,1,1,3,1,1,1,1,1,1,1,1,3,1,1,1,1,3,1,1,3,1,1,3,1,1,1,1,1,1,1,1,1,1,1,1,1,1,1,1,1,1,1,3,1,2,1,1,1,1,1,1,1,1,1,1,1,1,3,1,1,1,1,1,1,1,1,1,1,1,1,1,1,1,1,3,1,1,1,1,1,1,1,1,1,1,1,3,1,1,1,1,1,1,1,1,1,3,1,1,1,1,1,1,3,1,1,1,1,1,1,1,1,1,1,1,1,1,1,1,1,1,1,1,1,1,1,1,1,1,1,1,1,1,1,2,1,1,1,1,1,1,1,1,1,1,1,1,1,1,1,1,1,1,1,1,1,1,1,3,1,1,1,1,1,1,1,1,1,1,1,1,1,1,1,1,1,1,1,1,1,1,1,1,1,1,1,1,1,1,1,1,1,1,3,3,1,1,1
             1819377811.2,              234887935.9,3,1,1,3,1,1,1,1,1,3,5,3,3,1,1,1,1,3,1,1,3,5,1,3,1,1,1,1,1,3,1,1,1,1,1,1,1,1,1,1,1,3,1,3,1,1,3,1,1,1,1,1,1,1,1,1,1,1,3,1,1,1,4,1,1,1,2,1,1,1,1,1,1,1,3,1,1,1,1,1,1,1,1,1,1,3,1,3,1,1,1,3,1,1,3,4,1,1,1,1,1,1,1,1,1,1,1,1,3,1,1,1,1,1,3,1,1,1,1,1,1,3,1,2,3,3,3,1,1,1,1,1,1,1,1,1,1,1,1,1,2,3,1,3,1,1,1,1,1,1,1,3,1,1,1,2,1,1,1,3,2,3,1,1,1,1,1,2,1,1,1,1,1,1,1,1,1,1,1,3,1,1,1,1,1,1,1,1,1,1,1,1,1,3,1,1,3,1,3
             1704947374.3,              216818383.0,3,1,1,3,1,1,1,1,1,3,1,6,3,3,1,3,1,1,1,1,3,1,1,3,3,1,1,1,1,3,1,1,1,1,1,3,1,1,1,1,1,1,1,1,1,3,1,1,1,1,1,1,1,2,1,1,1,1,3,3,1,1,3,1,1,1,1,1,1,3,1,1,1,1,3,1,1,3,1,1,1,1,1,1,1,3,3,3,1,1,1,1,1,1,1,1,1,1,1,1,1,1,2,1,1,1,1,1,1,1,1,1,1,1,1,1,1,1,1,1,1,1,1,1,3,1,3,1,1,1,1,1,1,1,1,1,1,1,1,1,2,3,1,3,1,1,1,1,1,1,1,1,1,1,1,1,1,1,1,3,1,3,3,1,1,1,1,3,1,1,1,1,1,1,1,1,3,1,1,1,1,1,1,1,1,1,1,1,1,1,1,1,1,1,1,3,3,1,3
             1813175622.5,              234428178.5,3,1,1,3,1,1,1,1,1,3,1,1,3,3,1,1,1,2,1,1,3,1,1,1,1,3,1,1,1,3,1,1,1,1,1,1,1,1,1,1,1,3,1,3,1,3,1,1,1,1,2,1,1,1,1,1,1,1,3,1,1,1,4,2,1,1,2,1,1,2,1,1,1,1,3,1,1,3,1,1,1,1,1,1,1,1,1,3,1,1,1,3,1,4,3,1,1,1,1,1,2,1,1,1,1,1,1,1,3,1,1,1,1,1,3,1,1,1,1,1,1,3,1,2,3,3,3,1,1,1,1,1,1,1,1,1,1,1,1,1,2,3,1,3,1,1,1,1,1,1,1,1,1,1,1,1,1,1,1,1,2,3,1,1,1,1,1,3,1,1,1,1,1,1,3,1,3,1,1,1,1,1,1,1,1,1,1,1,1,1,1,1,1,1,3,1,3,1,3
              942571327.5,              133341982.8,3,1,1,3,1,1,1,1,1,1,1,1,3,1,1,1,1,3,1,1,3,1,1,3,1,3,1,1,1,3,1,1,1,1,1,1,1,1,1,1,1,1,1,3,1,3,1,1,1,1,1,1,1,1,1,1,1,1,3,1,1,1,1,1,2,1,1,1,1,1,1,1,1,1,1,1,1,1,1,1,1,1,1,1,1,1,3,1,1,1,1,1,1,1,3,1,1,3,1,1,1,1,1,1,1,1,1,1,1,1,1,1,1,1,1,1,1,1,1,1,1,1,1,1,3,1,3,1,1,1,1,1,1,1,1,1,1,1,1,1,1,1,1,1,1,1,1,1,1,3,1,3,1,1,1,1,1,1,1,1,1,1,1,1,1,1,1,2,1,1,1,1,1,1,1,1,1,1,1,1,1,1,1,1,1,1,1,1,1,1,1,1,1,1,1,1,3,1,1
              909335533.1,              128818529.6,1,1,1,3,1,1,1,1,1,1,1,1,1,1,1,1,1,2,1,1,1,1,1,3,1,1,1,1,1,3,1,1,1,1,1,1,1,1,1,1,1,1,1,1,1,3,1,1,1,1,1,1,1,1,1,1,1,1,3,3,1,1,1,1,2,1,1,1,1,1,1,1,1,1,1,3,1,1,1,1,1,1,1,1,1,1,3,3,1,1,1,3,1,1,3,1,1,3,1,1,1,1,1,1,1,1,1,1,1,1,1,1,1,1,1,1,1,1,1,1,1,1,1,1,1,3,1,1,1,1,1,1,1,1,1,1,1,1,1,1,1,1,1,1,1,1,1,1,1,1,1,3,3,1,1,1,1,1,1,1,3,1,3,1,1,1,1,1,1,1,1,1,1,1,1,1,1,1,1,1,1,1,1,1,1,1,1,1,1,1,1,1,1,1,2,1,3,1,1
              863641680.5,              120060355.5,3,1,1,3,1,1,1,1,1,1,1,1,3,3,1,1,1,1,1,1,3,1,1,1,1,3,1,1,1,1,1,1,1,1,1,1,1,1,1,1,1,1,1,3,1,3,1,1,1,1,1,1,1,2,1,1,1,1,3,1,1,1,1,1,1,1,1,1,1,1,1,1,1,1,3,1,1,1,1,1,1,1,1,1,1,1,3,3,1,1,1,1,1,1,3,1,1,1,1,1,1,1,1,1,3,1,1,1,1,1,1,1,1,1,1,1,1,1,1,1,1,1,1,1,1,1,3,1,1,1,1,1,1,1,1,1,1,1,1,1,1,1,1,1,1,1,1,1,1,1,1,1,1,1,1,1,1,1,1,1,1,1,1,1,1,1,1,3,1,1,1,1,1,1,1,1,1,1,1,1,1,2,1,1,1,1,1,1,1,1,1,1,1,1,3,1,1,1,1
              781555292.9,              102589136.5,1,1,1,3,1,1,1,1,1,1,1,1,1,3,1,3,1,1,1,1,3,1,1,1,1,1,1,1,1,1,1,1,1,1,1,1,1,1,1,1,1,1,1,1,1,1,1,1,1,1,1,3,1,2,1,1,1,1,3,1,1,1,1,1,1,1,1,1,1,1,1,1,1,1,3,1,1,1,1,1,1,1,1,3,1,1,1,3,1,1,1,1,1,1,3,1,1,3,1,1,1,1,1,1,1,1,1,1,1,1,1,1,1,1,1,1,1,1,1,1,1,1,1,1,1,1,1,1,1,1,1,1,1,1,1,1,1,1,1,1,1,1,1,1,1,1,1,1,1,1,1,1,3,1,1,1,1,1,1,3,3,1,1,1,1,1,1,1,1,1,1,1,1,1,1,1,1,1,1,3,1,1,1,1,1,1,1,1,1,1,1,1,1,1,1,1,1,1,1
              853980432.4,              117441660.0,1,1,1,3,1,1,1,1,1,1,1,1,3,3,1,1,1,3,1,2,1,1,1,3,1,1,1,1,1,1,1,1,1,1,1,1,1,1,1,1,1,1,1,1,1,3,1,1,1,1,1,1,1,1,1,1,1,1,3,1,1,1,1,1,1,1,1,1,1,1,1,1,1,1,1,1,1,1,1,1,1,1,1,1,1,3,3,1,1,1,1,3,1,1,3,1,1,1,1,1,1,1,1,1,1,1,1,1,3,1,1,1,1,1,1,1,1,1,1,1,1,1,1,1,3,1,3,1,1,1,1,1,1,1,1,2,1,1,1,1,1,1,1,1,1,1,1,1,1,1,1,1,1,1,1,1,1,1,1,1,1,1,1,1,1,1,1,3,1,1,1,1,1,1,1,1,1,1,1,1,1,1,1,1,1,1,1,1,1,3,1,1,1,1,2,1,1,1,1
             1182339964.8,              154456971.6,1,1,1,3,1,1,1,1,1,1,1,3,3,1,1,3,1,3,1,2,3,1,1,1,1,1,1,1,1,3,1,1,1,1,1,1,1,1,1,1,1,1,1,1,1,1,1,1,1,2,1,1,1,1,1,1,1,1,3,3,1,1,1,1,1,1,1,1,1,1,1,1,1,1,1,1,1,1,1,1,1,1,1,1,1,3,1,3,1,1,1,1,1,1,3,1,1,3,1,1,1,1,1,1,1,1,1,1,1,1,1,1,1,1,1,1,1,1,1,1,1,1,1,2,1,1,3,1,1,1,1,1,1,1,1,2,1,1,1,1,2,1,1,1,1,1,1,1,1,1,1,1,1,1,1,1,1,1,1,3,1,1,1,1,3,1,1,3,1,1,1,1,1,1,1,1,3,1,1,3,1,1,1,1,1,1,1,1,1,1,1,1,1,1,1,3,3,1,1
             1374905405.9,              193472827.6,1,1,1,3,1,1,1,3,1,1,1,3,3,3,1,3,1,3,1,1,3,1,1,1,1,1,1,1,1,1,1,1,1,1,1,3,1,1,1,1,1,1,2,3,1,1,1,1,1,1,1,1,1,1,1,1,1,1,3,1,1,1,1,1,1,1,1,1,1,1,1,1,1,1,3,1,1,1,1,1,1,1,1,1,1,3,1,3,1,1,1,1,1,2,3,1,1,3,1,1,1,1,1,1,1,1,1,1,1,1,1,1,1,1,1,1,1,1,1,1,1,1,1,1,3,1,3,1,1,1,3,1,1,1,1,1,1,1,1,1,1,1,1,3,1,1,2,1,1,1,1,3,3,1,1,1,1,1,1,3,3,1,1,1,1,1,1,3,1,1,1,1,1,1,1,1,1,1,1,3,1,1,1,1,1,1,1,1,1,1,1,1,1,1,3,3,3,1,1
              899625305.7,              128717626.3,3,1,1,3,1,1,1,1,1,1,1,1,3,3,3,1,1,1,1,1,3,1,1,1,1,1,1,1,1,1,1,1,1,1,1,1,1,1,1,1,1,1,1,3,1,2,1,1,1,1,1,1,1,3,1,1,1,1,3,1,1,1,1,1,1,1,1,1,1,1,1,1,1,1,1,1,1,1,1,1,1,1,1,1,1,3,3,1,1,1,1,1,1,1,3,1,1,1,1,1,1,1,1,1,1,1,1,1,1,1,1,1,1,1,1,1,1,1,1,1,1,1,1,1,3,1,3,1,1,1,1,1,1,1,1,1,1,1,1,1,1,1,1,3,1,1,1,1,1,1,1,1,1,1,1,1,1,1,1,1,1,1,3,1,1,1,1,3,1,1,1,1,1,1,1,1,1,1,1,1,1,1,1,1,1,1,1,1,1,1,1,1,1,1,1,1,3,1,3
             1089287089.1,              137364303.6,1,1,1,3,1,1,1,1,1,1,1,1,3,1,1,3,1,1,1,2,1,1,1,1,1,1,1,1,1,3,1,1,1,1,1,1,1,1,1,1,1,1,1,3,1,1,1,1,1,1,1,3,1,1,1,1,1,1,3,1,1,1,1,1,1,1,1,1,1,1,1,1,1,1,3,1,1,1,1,1,1,1,1,3,1,1,3,3,1,1,1,1,1,1,3,1,1,1,1,1,1,1,1,1,3,1,1,1,3,1,2,1,1,1,1,1,1,1,1,1,1,1,1,1,3,1,3,1,1,1,1,1,1,1,1,1,1,1,1,1,1,1,1,3,1,1,1,1,1,1,1,3,1,1,1,1,1,1,1,1,1,1,1,1,1,1,1,3,1,1,1,1,1,1,1,1,1,1,1,3,1,1,1,1,1,1,1,1,1,1,1,1,1,1,1,1,1,1,1
             1308972994.6,              180492943.5,3,1,1,3,1,2,1,1,1,1,1,1,3,1,1,1,1,2,1,1,1,1,1,3,1,3,1,1,1,1,1,1,1,1,1,1,1,1,1,1,1,1,1,3,1,3,1,1,1,1,1,1,1,1,1,1,1,1,3,1,1,1,3,1,1,1,1,2,1,1,1,1,1,1,3,3,1,1,1,1,1,1,1,1,1,3,3,3,1,1,1,3,1,3,3,1,1,3,1,1,1,1,1,1,3,1,1,1,1,1,1,1,1,1,1,1,1,1,1,1,1,2,1,1,3,3,3,1,1,1,1,1,1,1,1,1,1,1,1,1,1,1,1,1,1,1,1,1,1,1,1,1,1,1,1,1,1,1,1,1,1,1,3,1,1,1,1,3,1,1,1,1,1,1,1,1,1,1,1,1,1,1,1,1,1,1,1,1,1,1,1,1,1,1,3,1,3,1,1
             1750705404.7,              223010277.3,3,1,1,3,1,1,1,2,1,1,1,3,3,1,1,3,1,1,1,2,3,1,1,1,1,3,1,1,1,1,1,1,1,1,1,1,1,1,1,1,1,2,1,3,1,3,1,1,1,1,1,3,1,1,1,1,1,1,3,1,1,1,1,1,1,1,1,1,1,1,1,1,1,1,3,1,1,1,1,1,1,1,1,1,1,3,1,3,1,1,3,1,1,2,3,1,1,3,1,1,1,1,1,1,1,1,1,1,3,1,1,1,1,1,1,1,1,1,1,1,1,1,1,1,3,1,3,1,1,1,1,1,2,1,1,1,1,1,1,5,1,3,1,3,1,1,2,1,1,3,1,1,1,1,1,1,1,1,3,3,3,1,1,1,1,1,1,3,1,1,1,1,1,1,1,1,1,1,1,1,1,1,2,1,2,1,1,1,1,3,1,1,1,1,3,1,3,1,3
             1711410085.4,              218170244.1,3,1,1,3,1,1,1,1,1,3,5,3,3,1,1,3,1,1,1,1,3,1,1,3,1,1,1,1,1,3,1,1,1,1,1,1,1,1,1,1,1,3,1,3,1,3,1,1,1,1,1,1,1,1,1,1,1,1,3,1,1,1,1,1,1,1,1,1,1,1,1,1,1,1,3,1,1,3,1,1,1,1,1,1,1,1,1,3,1,1,1,3,1,4,1,1,1,3,1,1,1,1,3,1,3,1,1,1,3,1,1,1,1,1,1,1,1,1,3,1,1,1,1,2,1,3,3,1,1,1,1,1,1,1,1,1,1,1,1,1,2,3,1,3,1,1,1,1,1,1,1,3,1,1,1,2,1,1,1,3,1,1,1,1,1,1,1,2,1,1,1,1,1,1,1,1,1,1,1,3,1,1,1,1,1,1,1,1,1,1,1,1,1,1,3,1,3,1,3
              877431010.9,              121519244.1,1,1,1,3,1,1,1,1,1,1,1,1,1,1,1,3,1,1,2,2,1,1,1,3,1,1,1,1,1,3,1,1,1,1,1,1,1,1,1,1,1,1,1,3,1,1,1,1,1,1,1,1,1,1,1,1,1,1,3,1,1,1,1,1,1,1,1,1,1,1,1,1,1,1,3,1,1,1,1,1,1,1,1,3,1,1,1,1,1,1,1,1,1,1,3,1,1,1,1,1,1,1,1,1,3,1,1,1,1,4,1,1,1,1,1,1,1,1,1,1,1,1,1,1,3,3,3,1,1,1,1,1,1,1,1,1,1,1,1,1,1,1,1,3,1,1,1,1,1,1,1,1,1,1,1,1,1,1,1,1,1,1,1,1,1,1,1,3,1,1,1,1,1,1,1,1,1,1,1,3,1,1,1,1,1,1,1,1,1,1,1,1,1,1,1,1,3,1,1
             1772591491.1,              230250596.4,3,3,1,3,1,1,3,1,1,3,1,3,3,1,1,3,1,1,1,2,3,1,1,3,3,1,1,1,1,1,1,1,2,1,1,1,1,1,1,1,1,3,1,3,1,3,1,1,1,1,1,1,1,1,1,1,1,1,3,1,2,1,4,1,1,1,1,1,1,1,1,1,1,1,3,1,1,1,1,1,1,1,1,1,1,1,1,3,1,1,3,1,1,1,3,1,1,3,1,1,1,1,1,1,3,1,1,1,3,1,1,1,1,1,1,1,1,1,1,1,1,3,1,1,1,3,1,1,1,1,1,1,1,1,1,1,1,1,1,1,2,3,1,3,1,1,1,1,1,1,3,3,1,1,1,1,1,1,1,1,1,1,1,1,1,1,1,3,1,1,1,1,1,1,1,3,1,1,3,3,1,1,1,1,1,1,1,1,1,2,1,1,1,1,1,3,3,1,1
             1563673152.2,              202838535.0,3,1,1,3,1,1,1,3,1,1,1,1,3,1,3,1,1,1,1,2,3,1,1,3,1,3,1,1,1,3,1,1,1,1,1,3,1,1,1,1,1,2,1,3,1,1,1,1,1,1,1,3,1,1,1,1,1,1,3,1,1,1,1,1,1,1,1,1,1,1,1,1,1,1,3,3,1,1,1,1,1,1,1,3,1,3,1,3,1,1,1,1,1,2,3,1,1,3,1,1,1,1,1,1,2,1,1,1,1,1,2,1,1,1,1,1,1,1,1,1,1,1,1,1,3,3,3,1,1,1,1,1,1,1,1,1,1,1,1,1,1,3,1,3,1,1,1,1,1,1,1,1,1,1,1,1,1,1,1,1,1,1,1,1,1,1,1,3,1,1,1,1,1,1,1,1,1,1,1,1,1,1,1,1,1,2,1,1,1,3,1,1,1,1,1,1,3,1,3
             1198591948.3,              159452432.8,3,1,1,3,1,1,1,1,1,1,1,3,3,1,1,1,1,2,1,1,3,1,1,3,1,1,1,1,1,3,1,1,1,1,1,1,1,1,1,1,1,1,1,1,1,3,1,1,1,1,1,1,1,1,1,1,1,1,3,3,1,1,1,1,1,1,1,1,1,1,1,1,1,1,1,1,1,1,1,1,1,1,1,1,1,1,3,3,1,1,1,1,1,1,3,1,1,3,1,1,1,1,1,1,3,1,1,1,1,1,1,1,1,1,1,1,1,1,1,1,1,1,1,2,1,1,3,1,1,1,1,1,1,1,1,1,1,1,1,1,2,1,1,1,1,1,1,1,1,1,1,3,1,1,1,1,1,1,1,3,1,1,1,1,3,1,1,3,1,1,1,1,1,1,1,1,1,1,1,3,1,1,1,1,1,1,1,1,1,1,1,1,1,1,3,1,3,1,1
             1271115796.2,              172181828.8,1,1,1,3,1,1,1,1,1,1,1,1,3,1,1,3,1,3,1,2,3,1,1,1,1,3,1,1,1,3,1,1,1,1,1,1,1,1,1,1,1,1,1,3,1,1,1,1,1,2,1,1,1,1,1,1,1,1,3,3,1,1,1,1,2,1,1,1,1,1,1,1,1,1,1,3,1,1,1,1,1,1,1,1,1,3,1,3,1,1,1,3,1,1,3,1,1,3,1,1,1,1,1,1,1,1,1,1,1,1,1,1,1,1,1,1,1,1,1,1,1,1,1,1,1,3,3,1,1,1,1,1,1,1,1,2,1,1,1,1,1,1,1,1,1,1,1,1,1,1,1,1,1,1,1,1,1,1,1,1,3,1,3,1,1,1,1,3,1,1,1,1,1,1,1,1,3,1,1,1,1,2,1,1,1,1,1,1,1,1,1,1,1,1,1,3,3,1,1
             1130682031.0,              145215433.5,3,1,1,3,1,1,1,1,1,1,1,1,3,3,1,3,1,1,1,1,3,1,1,1,1,1,1,1,1,1,1,1,1,1,1,1,1,1,1,1,1,1,1,3,1,1,1,1,1,1,1,1,1,1,1,1,1,1,3,1,1,1,1,1,1,1,1,1,1,1,1,1,1,1,3,1,1,1,1,1,1,1,1,1,1,3,1,3,1,1,1,1,1,1,3,1,1,3,1,1,1,1,1,1,1,1,1,1,1,1,1,1,1,1,1,1,1,1,1,1,1,1,1,1,3,1,3,1,1,1,1,1,1,1,1,1,1,1,1,1,2,1,1,3,1,1,1,1,1,1,1,3,1,1,1,1,1,1,1,1,2,1,1,1,1,1,1,2,1,1,1,1,1,1,1,1,1,1,1,1,1,1,1,1,1,1,1,1,1,1,1,1,1,3,3,2,1,1,3
              887281376.4,              125412170.7,3,1,1,3,1,1,1,1,1,1,1,1,1,1,1,1,1,1,1,1,3,1,1,3,1,1,1,1,1,1,1,1,1,1,1,1,1,1,1,1,1,1,1,1,1,3,1,1,1,1,1,1,1,1,1,1,1,1,3,1,1,1,1,1,1,1,1,1,1,3,1,1,1,1,1,1,1,1,1,1,1,1,1,1,1,1,3,3,1,1,1,3,1,1,3,1,1,1,1,1,1,1,1,1,1,1,1,1,1,1,1,1,1,1,1,1,1,1,1,1,1,1,1,1,3,3,3,1,1,1,1,1,1,1,1,1,1,1,1,1,1,1,1,1,1,1,1,1,1,1,1,1,1,1,1,1,1,1,1,3,1,1,1,1,1,1,1,2,1,1,1,1,1,1,3,1,1,1,1,2,1,1,1,1,1,1,1,1,1,1,1,1,1,1,1,1,3,1,3
              835704339.9,              113230351.2,1,1,1,3,1,1,1,1,1,1,1,1,3,1,1,3,1,1,1,2,1,1,1,3,1,3,1,1,1,3,1,1,1,1,1,1,1,1,1,1,1,1,1,3,1,3,1,1,1,1,1,1,1,1,1,1,1,1,3,1,2,1,1,1,1,1,1,1,1,1,1,1,1,1,1,1,1,1,1,1,1,1,1,1,1,3,3,1,1,1,1,1,1,1,3,1,1,3,1,1,1,1,1,1,3,1,1,1,1,1,1,1,1,1,1,1,1,1,1,1,1,1,1,1,1,1,3,1,1,1,1,1,1,1,1,1,1,1,1,1,1,1,1,1,1,1,1,1,1,1,1,1,1,1,1,1,1,1,1,1,1,1,1,1,1,1,1,1,1,1,1,1,1,1,3,1,1,1,1,1,1,1,1,1,1,1,1,1,1,1,1,1,1,1,1,1,1,1,1
             1098360906.4,              138626071.2,1,1,1,3,1,1,1,1,1,1,1,3,3,3,1,1,1,3,1,1,3,1,1,3,1,1,1,1,1,3,1,1,1,1,1,1,1,1,1,1,1,1,1,3,1,1,1,1,1,1,1,3,1,1,1,1,1,1,3,1,1,1,1,1,1,1,1,1,1,1,1,1,1,1,1,1,1,1,1,1,1,1,1,1,1,3,1,1,1,1,1,1,1,1,3,1,1,3,1,1,1,1,1,1,1,1,1,1,1,1,1,1,1,1,1,1,1,1,1,1,1,1,1,1,3,1,3,1,1,1,1,1,1,1,1,1,1,1,1,1,1,1,1,1,1,1,1,1,1,1,1,3,1,1,1,1,1,1,1,3,1,1,1,1,1,1,1,2,1,1,1,1,1,1,1,1,1,1,1,3,1,1,1,1,1,1,1,1,1,3,1,1,1,1,1,1,3,1,1
              954378015.1,              136489866.6,3,1,1,3,1,1,1,1,1,1,1,1,3,1,1,1,1,1,1,1,3,1,1,3,1,1,1,1,1,1,1,1,3,1,1,1,1,1,1,1,1,1,1,3,1,3,1,1,1,1,1,1,1,1,1,1,1,1,3,1,1,1,1,1,1,1,1,1,1,1,1,1,1,1,1,3,1,1,1,1,1,1,1,1,1,1,1,1,1,1,1,1,1,1,3,1,1,3,1,1,1,1,1,1,3,1,1,1,1,1,1,1,1,1,1,1,1,1,1,1,1,1,1,1,3,3,3,1,1,1,1,1,1,1,1,1,1,1,1,1,1,1,1,3,1,1,1,1,1,1,1,3,1,1,1,1,1,1,3,1,1,1,1,1,1,1,1,1,1,1,1,1,1,1,1,1,1,1,1,1,1,1,1,1,1,1,1,1,1,1,1,1,1,1,3,3,1,1,1
             1677054002.2,              209877963.2,3,1,1,3,1,1,1,1,1,1,1,3,3,3,3,3,1,1,1,1,3,5,1,1,1,1,1,1,1,1,1,1,1,1,1,1,1,1,1,1,1,3,1,3,1,3,3,1,1,1,2,1,1,1,1,1,1,1,3,1,1,1,4,1,1,1,1,1,1,1,1,1,1,1,3,1,1,3,1,1,1,1,1,1,1,3,1,3,1,1,1,1,1,1,3,1,1,1,1,1,1,1,1,1,1,1,1,1,3,1,1,1,1,1,1,1,1,1,1,1,1,3,1,2,1,3,3,1,1,1,1,1,1,1,1,1,1,1,1,5,1,3,1,3,1,1,1,1,1,1,1,3,1,1,1,2,1,1,1,3,1,3,1,1,1,1,1,3,1,1,1,1,1,1,1,1,1,1,3,2,1,1,1,1,1,1,1,1,1,1,1,1,1,1,3,1,1,1,1
             1858004579.9,              242357549.1,3,1,1,3,1,1,3,1,1,3,5,3,3,1,1,3,1,1,1,1,3,1,1,1,1,1,1,1,1,3,1,1,1,1,1,1,1,1,1,1,1,1,1,3,1,3,3,1,1,1,1,1,1,1,1,1,1,1,3,3,1,1,1,2,1,1,2,1,1,3,1,1,1,1,3,1,1,1,1,1,1,1,1,1,1,1,3,3,1,1,3,3,1,4,1,4,1,3,1,1,1,1,1,1,1,1,1,1,1,1,1,1,1,1,3,1,1,1,3,1,1,1,1,2,1,3,3,1,1,1,1,1,1,1,1,1,1,1,1,1,2,3,1,1,1,1,1,1,1,1,1,3,1,1,1,1,1,1,1,3,2,1,1,1,3,1,1,3,1,1,1,1,1,1,1,1,3,1,1,3,1,1,1,2,1,1,1,1,1,1,1,1,1,1,3,1,3,1,3
             1258028862.7,              169553086.7,3,1,1,3,1,1,1,1,1,1,1,1,3,3,1,1,1,1,1,1,3,1,1,1,3,1,1,1,1,1,1,1,1,1,1,3,1,1,1,1,1,1,1,3,1,3,1,1,1,1,1,1,1,2,1,1,1,1,3,1,1,1,3,1,1,1,1,1,1,3,1,1,1,1,3,1,1,1,1,1,1,1,1,1,1,3,3,3,1,1,1,1,1,1,3,1,1,1,1,1,1,1,2,1,3,1,1,1,1,1,1,1,1,1,1,1,1,1,1,1,1,1,1,1,3,1,3,1,1,1,1,1,1,1,1,1,1,1,1,1,2,1,1,1,1,1,1,1,1,1,1,1,1,1,1,1,1,1,1,1,1,1,3,1,1,1,1,3,1,1,1,1,1,1,1,1,3,1,1,1,1,1,1,1,1,1,1,1,1,1,1,1,1,1,3,3,1,1,1
             1238901565.8,              167399274.0,3,1,1,3,1,1,1,1,1,1,1,1,3,3,1,1,1,1,1,1,3,1,1,1,1,1,1,1,1,3,1,1,1,1,1,3,1,1,1,1,1,1,2,3,1,1,1,1,1,1,1,1,1,1,1,1,1,1,3,1,1,1,1,1,1,1,1,1,1,1,1,1,1,1,3,1,1,1,1,1,1,1,1,1,1,3,1,3,1,1,1,1,1,2,3,1,1,1,1,1,1,1,1,1,1,1,1,1,1,1,1,1,1,1,1,1,1,1,1,1,1,1,1,1,3,3,3,1,1,1,2,1,1,1,1,1,1,1,1,1,2,1,1,3,1,1,1,1,1,3,1,3,3,1,1,1,1,1,1,1,1,1,1,1,1,1,1,3,1,1,1,1,1,1,1,1,1,1,1,2,1,1,1,1,1,1,1,1,1,1,1,1,1,1,1,3,3,1,1
             1206570058.8,              161136586.5,1,1,1,3,1,1,1,3,1,1,1,3,3,1,1,1,1,1,1,1,1,1,1,3,1,1,1,1,1,1,1,1,1,1,1,3,1,1,1,1,1,2,1,3,1,1,1,1,1,1,1,1,1,1,1,1,1,1,3,1,1,1,1,1,1,1,1,1,1,1,1,1,1,1,3,3,1,1,1,1,1,1,1,1,1,1,1,3,1,1,1,1,1,2,3,1,1,3,1,1,1,1,1,1,1,1,1,1,1,1,1,1,1,1,1,1,1,1,1,1,1,1,1,1,3,3,3,1,1,1,3,1,1,1,1,1,1,1,1,1,1,3,1,3,1,1,1,1,1,1,1,1,1,1,1,1,1,1,1,3,3,1,1,1,1,1,1,3,1,1,1,1,1,1,1,1,1,1,1,1,1,1,1,1,1,1,1,1,1,1,1,1,1,1,3,1,3,1,1
             1175432495.0,              154456210.0,1,1,1,3,1,1,1,1,1,1,1,3,3,3,1,1,1,3,1,1,1,1,1,1,1,1,1,1,1,1,1,1,1,1,1,1,1,1,1,1,1,1,1,1,1,3,3,1,1,1,1,1,1,1,1,1,1,1,3,1,1,1,1,1,1,1,1,1,1,1,1,1,1,1,3,1,1,1,1,1,1,1,1,1,1,3,3,3,1,1,3,1,1,1,3,1,1,1,1,1,1,1,1,1,1,1,1,1,1,1,1,1,1,1,1,1,1,1,1,1,1,1,1,1,3,1,3,1,1,1,1,1,1,1,1,1,1,1,1,1,1,3,1,1,1,1,1,1,1,1,1,3,1,1,1,1,1,1,1,3,1,1,1,1,1,1,1,3,1,1,1,1,1,1,1,1,1,1,3,2,1,1,1,2,1,1,1,1,1,3,1,1,1,1,3,1,1,1,1
             1843341085.8,              239614901.2,3,1,1,3,1,1,3,1,1,3,5,3,3,1,1,3,1,1,1,1,3,1,1,3,1,1,1,1,1,3,1,1,2,1,1,1,1,1,1,1,1,3,1,3,1,3,1,1,1,1,1,1,1,1,1,1,1,1,3,1,2,1,1,1,1,1,1,1,1,1,1,1,1,1,3,1,1,3,1,1,1,1,1,1,1,1,1,3,1,1,3,1,1,4,1,1,1,3,1,1,1,1,3,1,3,1,1,1,3,1,1,1,1,1,1,1,1,1,3,1,1,3,1,1,1,3,3,1,1,1,1,1,1,1,1,1,1,1,1,1,2,3,1,3,1,1,1,1,1,1,3,3,1,1,1,2,1,1,1,3,1,1,1,1,1,1,1,2,1,1,1,1,1,1,1,3,1,1,1,3,1,1,1,1,1,1,1,1,1,2,1,1,1,1,1,3,3,1,1
             1570526345.1,              209159755.0,3,3,1,3,1,1,1,1,1,3,1,3,3,1,1,3,1,1,1,2,3,1,1,3,3,1,1,1,1,1,1,1,1,1,1,1,1,1,1,1,1,3,1,3,1,3,1,1,1,1,1,1,1,1,1,1,1,1,3,1,1,1,4,1,1,1,1,1,1,1,1,1,1,1,3,1,1,1,1,1,1,1,1,1,1,1,1,3,1,1,1,3,1,1,3,1,1,3,1,1,1,1,1,1,3,1,1,1,3,1,1,1,1,1,1,1,1,1,1,1,1,1,1,2,1,3,1,1,1,1,1,1,1,1,1,1,1,1,1,1,2,3,1,3,1,1,1,1,1,1,1,3,1,1,1,1,1,1,1,1,1,1,1,1,1,1,1,3,1,1,1,1,1,1,1,1,1,1,3,3,1,1,1,1,1,1,1,1,1,1,1,1,1,1,3,1,3,1,3
             1550917537.0,              200228536.4,3,1,1,3,1,1,1,1,1,3,1,1,3,1,1,1,1,2,2,1,1,1,1,1,1,1,1,1,1,3,1,1,1,1,1,1,1,1,1,1,1,3,1,3,1,3,1,1,1,1,1,1,1,1,1,1,1,1,3,1,1,1,1,2,1,1,1,1,1,2,1,1,1,1,3,1,1,3,1,1,1,1,1,3,1,1,1,3,1,1,1,1,1,1,3,1,1,1,1,1,2,1,1,1,3,1,1,1,3,1,1,1,1,1,3,1,1,1,1,1,1,3,1,2,3,3,3,1,1,1,1,1,1,1,1,1,1,1,1,1,1,1,1,3,1,1,1,1,1,1,1,1,1,1,1,1,1,1,1,1,2,3,1,1,1,1,1,3,1,1,1,1,1,1,1,1,3,1,1,3,1,1,1,1,1,1,1,1,1,1,1,1,1,1,1,1,3,1,3
             1401145417.0,              197104705.0,3,3,1,3,1,1,1,1,1,1,1,3,3,1,1,3,1,1,1,2,3,1,1,3,3,1,1,1,1,3,1,1,2,1,1,1,1,1,1,1,1,1,1,3,1,3,1,1,1,2,1,1,1,1,1,1,1,1,3,3,1,1,1,1,2,1,1,1,1,1,1,1,1,1,1,3,1,1,1,1,1,1,1,1,1,3,1,3,1,1,3,1,1,1,3,1,1,3,1,1,1,1,1,1,3,1,1,1,1,1,1,1,1,1,1,1,1,1,1,1,1,1,1,1,1,3,3,1,1,1,1,1,1,1,1,1,1,1,1,1,1,1,1,1,1,1,1,1,1,1,3,1,1,1,1,1,1,1,1,1,1,1,1,1,1,1,1,3,1,1,1,1,1,1,1,1,3,1,1,3,1,1,1,1,1,1,1,1,1,1,1,1,1,1,1,3,3,1,1
              952541736.5,              135814412.6,1,1,1,3,1,1,1,1,1,1,1,1,3,1,1,3,1,1,1,1,1,1,1,3,1,1,1,1,1,1,1,1,1,1,1,3,1,1,1,1,1,1,1,3,1,3,1,1,1,1,1,1,1,1,1,1,1,1,3,1,1,1,1,1,1,1,1,1,1,1,1,1,1,1,3,1,1,1,1,1,1,1,1,1,1,3,1,3,1,1,1,1,1,1,3,1,1,1,1,1,1,1,1,1,3,1,1,1,1,1,1,1,1,1,1,1,1,1,1,1,1,1,1,1,3,3,3,1,1,1,1,1,1,1,1,1,1,1,1,1,1,1,1,1,1,1,1,1,1,1,1,3,3,1,1,1,1,1,1,1,1,1,1,1,1,1,1,3,1,1,1,1,1,1,1,1,1,1,1,1,1,1,1,1,1,1,1,1,1,1,1,1,1,1,3,1,3,1,1
              761469342.0,               99375133.5,1,1,1,3,1,1,1,1,1,1,1,1,3,3,1,1,1,1,1,1,3,1,1,3,1,3,1,1,1,1,1,1,1,1,1,1,1,1,1,1,1,1,1,1,1,3,1,1,1,1,1,1,1,1,1,1,1,1,3,1,1,1,1,1,1,1,1,1,1,1,1,1,1,1,3,1,1,1,1,1,1,1,1,1,1,1,3,3,1,1,1,1,1,1,1,1,1,1,1,1,1,1,1,1,3,1,1,1,1,1,1,1,1,1,1,1,1,1,1,1,1,1,1,1,1,1,3,1,1,1,1,1,1,1,1,1,1,1,1,1,1,1,1,1,1,1,1,1,1,1,1,1,1,1,1,1,1,1,1,1,1,1,1,1,1,1,1,3,1,1,1,1,1,1,1,1,1,1,1,1,1,1,1,1,1,1,1,1,1,1,1,1,1,1,3,1,1,1,1
              793481281.3,              105765220.6,3,1,1,3,1,1,1,1,1,1,1,3,1,1,1,1,1,1,1,1,3,1,1,3,1,1,1,1,1,1,1,1,1,1,1,1,1,1,1,1,1,1,1,1,1,3,1,1,1,1,1,1,1,1,1,1,1,1,3,1,1,1,1,1,1,1,1,1,1,1,1,1,1,1,1,1,1,1,1,1,1,1,1,1,1,1,3,3,1,1,1,1,1,1,3,1,1,1,1,1,1,1,1,1,1,1,1,1,1,1,1,1,1,1,1,1,1,1,1,1,1,1,1,2,1,1,3,1,1,1,1,1,1,1,1,1,1,1,1,1,2,1,1,1,1,1,1,1,1,1,1,1,1,1,1,1,1,1,1,3,1,1,1,1,3,1,1,1,1,1,1,1,1,1,1,1,1,1,1,1,1,1,1,1,1,1,1,1,1,1,1,1,1,1,2,1,3,1,1
              863136152.6,              119552143.7,1,1,1,3,1,1,1,1,1,1,1,1,3,1,1,1,1,2,1,1,3,1,1,1,1,3,1,1,1,3,1,1,1,1,1,1,1,1,1,1,1,1,1,1,1,3,1,1,1,1,1,1,1,2,1,1,1,1,3,3,1,1,1,1,1,1,1,1,1,1,1,1,1,1,1,1,1,1,1,1,1,1,1,1,1,1,3,3,1,1,1,1,1,1,3,1,1,3,1,1,1,1,1,1,3,1,1,1,1,1,1,1,1,1,1,1,1,1,1,1,1,1,1,1,1,1,1,1,1,1,1,1,1,1,1,1,1,1,1,1,1,1,1,1,1,1,1,1,1,1,1,3,1,1,1,1,1,1,1,1,1,1,1,1,1,1,1,3,1,1,1,1,1,1,1,1,1,1,1,3,1,1,1,1,1,1,1,1,1,1,1,1,1,1,3,1,1,1,1
             1142211783.6,              148408418.1,3,1,1,3,1,2,1,1,1,1,1,1,3,1,1,1,1,1,1,1,3,1,1,3,1,3,1,1,1,1,1,1,1,1,1,1,1,1,1,1,1,1,1,1,1,1,1,1,1,1,1,1,1,1,1,1,1,1,3,1,1,1,3,1,1,1,1,1,1,1,1,1,1,1,3,1,1,1,1,1,1,1,1,1,1,3,3,1,1,1,1,3,1,3,3,1,1,3,1,1,1,1,1,1,1,1,1,1,1,1,1,1,1,1,1,1,1,1,1,1,1,1,1,1,3,3,3,1,1,1,1,1,1,1,1,2,1,1,1,1,2,1,1,3,1,1,1,1,1,1,1,1,1,1,1,1,1,1,1,1,3,1,1,1,1,1,1,1,1,1,1,1,1,1,1,1,1,1,1,1,1,1,1,1,1,1,1,1,1,1,1,1,1,1,3,1,1,1,1
             1110532766.3,              142035017.6,3,1,1,3,1,1,1,1,1,1,1,1,3,3,1,1,1,2,1,1,1,1,1,1,1,1,1,1,1,1,1,1,1,1,1,1,1,1,1,1,1,1,1,3,1,3,1,1,1,1,1,1,1,1,1,1,1,1,3,1,1,1,1,1,1,1,1,2,1,1,1,1,1,1,1,3,1,1,1,1,1,1,1,1,1,3,3,3,1,1,1,1,1,1,3,1,1,3,1,1,1,1,1,1,3,1,1,1,1,1,1,1,1,1,1,1,1,1,1,1,1,2,1,1,3,1,3,1,1,1,1,1,1,1,1,1,1,1,1,1,1,1,1,1,1,1,1,1,1,1,1,1,1,1,1,1,1,1,1,3,1,1,3,1,1,1,1,3,1,1,1,1,1,1,1,1,1,1,1,1,1,1,1,1,1,1,1,1,1,1,1,1,1,1,1,1,3,1,1
              840504405.3,              116318247.0,1,1,1,3,1,1,1,1,1,1,1,1,3,1,3,1,1,1,1,1,3,1,1,1,1,3,1,1,1,1,1,1,1,1,1,1,1,1,1,1,1,1,1,1,1,3,1,1,1,1,1,1,1,3,1,1,1,1,3,1,1,1,1,1,1,1,1,1,1,1,1,1,1,1,3,1,1,1,1,1,1,1,1,1,1,3,3,3,1,1,1,1,1,1,3,1,1,1,1,1,1,1,1,1,1,1,1,1,1,1,1,1,1,1,1,1,1,1,1,1,1,1,1,1,3,1,3,1,1,1,1,1,1,1,1,1,1,1,1,1,1,1,1,1,1,1,1,1,1,1,1,1,1,1,1,1,1,1,1,1,1,1,3,1,1,1,1,1,1,1,1,1,1,1,1,1,1,1,1,1,1,1,1,1,1,1,1,1,1,1,1,1,1,1,2,1,1,1,3
              829802973.3,              112542524.4,1,1,1,3,1,1,1,1,1,1,1,1,1,3,1,1,1,1,1,1,3,1,1,3,1,1,1,1,1,1,1,1,1,1,1,1,1,1,1,1,1,1,1,1,1,2,1,1,1,1,1,1,1,3,1,1,1,1,3,1,2,1,1,1,1,1,1,1,1,1,1,1,1,1,1,1,1,1,1,1,1,1,1,1,1,1,3,3,1,1,1,3,1,1,3,1,1,1,1,1,1,1,1,1,1,1,1,1,1,1,1,1,1,1,1,1,1,1,1,1,1,1,1,1,3,3,1,1,1,1,1,1,1,1,1,1,1,1,1,1,1,1,1,1,1,1,1,1,1,1,1,3,1,1,1,1,1,1,1,3,1,1,1,1,1,1,1,1,1,1,1,1,1,1,1,1,1,1,1,1,1,1,1,1,1,1,1,1,1,1,1,1,1,1,3,1,3,1,1
              816461774.2,              112267164.0,3,1,1,3,1,1,1,1,1,1,1,1,1,1,1,1,1,1,1,1,3,1,1,3,1,1,1,1,1,3,1,1,1,1,1,1,1,1,1,1,1,1,1,3,1,3,1,1,1,1,1,1,1,1,1,1,1,1,3,1,1,1,1,1,1,1,1,1,1,1,1,1,1,1,1,3,1,1,1,1,1,1,1,1,1,1,1,1,1,1,1,1,1,1,1,1,1,3,1,1,1,1,3,1,3,1,1,1,1,1,1,1,1,1,1,1,1,1,1,1,1,1,1,1,3,3,3,1,1,1,1,1,1,1,1,1,1,1,1,1,1,1,1,1,1,1,1,1,1,1,1,1,1,1,1,1,1,1,1,1,1,1,1,1,1,1,1,1,1,1,1,1,1,1,1,1,1,1,1,1,1,1,1,1,1,1,1,1,1,1,1,1,1,1,3,3,1,1,1
             1543729407.5,              197440601.5,3,1,1,3,1,1,1,2,1,1,1,1,3,1,1,1,1,1,1,1,3,1,1,1,1,3,1,1,1,3,1,1,1,1,1,1,1,1,1,1,1,2,1,3,1,3,1,1,1,1,1,1,1,1,1,1,1,1,3,1,1,1,3,1,1,1,1,2,1,1,1,1,1,1,1,1,1,1,1,1,1,1,1,1,1,3,1,3,1,1,3,3,1,3,3,1,1,3,1,1,1,1,1,1,1,1,1,1,1,1,1,1,1,1,1,1,1,1,1,1,1,2,1,1,3,3,3,1,1,1,1,1,2,1,1,1,1,1,1,1,1,3,1,1,1,1,2,1,1,3,1,1,1,1,1,1,1,1,3,3,3,1,1,1,1,1,1,3,1,1,1,1,1,1,1,1,1,1,1,1,1,1,2,1,2,1,1,1,1,1,1,1,1,1,1,1,3,1,1
             1229420366.5,              164786955.3,3,1,1,3,1,1,1,3,1,1,1,1,3,1,1,3,1,3,1,1,3,1,1,1,1,3,1,1,1,3,1,1,1,1,1,1,1,1,1,1,1,1,1,3,1,1,1,1,1,2,1,1,1,1,1,1,1,1,3,3,1,1,1,1,1,1,1,1,1,1,1,1,1,1,1,3,1,1,1,1,1,1,1,1,1,3,1,3,1,1,1,1,1,1,3,1,1,3,1,1,1,1,1,1,1,1,1,1,1,1,1,1,1,1,1,1,1,1,1,1,1,1,1,1,3,3,3,1,1,1,2,1,1,1,1,1,1,1,1,1,2,1,1,1,1,1,1,1,1,1,1,1,1,1,1,1,1,1,1,1,1,1,1,1,1,1,1,3,1,1,1,1,1,1,1,1,3,1,1,1,1,1,1,1,1,1,1,1,1,1,1,1,1,1,1,3,3,1,1
             1185642546.4,              157969538.4,3,1,1,3,1,1,1,1,1,1,1,1,3,3,1,1,1,1,1,1,1,1,1,3,1,3,1,1,1,3,1,1,1,1,1,1,1,1,1,1,1,1,1,3,1,3,1,1,1,1,1,1,1,1,1,1,1,1,3,3,1,1,1,1,1,1,1,1,1,1,1,1,1,1,1,1,1,1,1,1,1,1,1,1,1,3,3,3,1,1,1,1,1,1,3,1,1,1,1,1,1,1,1,1,3,1,1,1,1,1,1,1,1,1,1,1,1,1,1,1,1,1,1,1,3,1,3,1,1,1,1,1,1,1,1,2,1,1,1,1,1,1,1,3,1,1,1,1,1,1,1,3,1,1,1,1,1,1,1,3,1,1,1,1,1,1,1,3,1,1,1,1,1,1,1,1,1,1,1,1,1,1,1,1,1,1,1,1,1,1,1,1,1,1,3,1,3,1,1
              641406276.2,               74090998.6,1,1,1,3,1,1,1,1,1,1,1,1,3,1,1,1,1,1,1,1,3,1,1,1,1,1,1,1,1,1,1,1,1,1,1,1,1,1,1,1,1,1,1,1,1,1,1,1,1,1,1,1,1,1,1,1,1,1,3,1,1,1,1,1,1,1,1,1,1,1,1,1,1,1,1,1,1,1,1,1,1,1,1,1,1,3,3,3,1,1,1,1,1,1,3,1,1,1,1,1,1,1,1,1,1,1,1,1,1,1,1,1,1,1,1,1,1,1,1,1,1,1,1,1,1,1,1,1,1,1,1,1,1,1,1,1,1,1,1,1,1,1,1,3,1,1,1,1,1,1,1,1,1,1,1,1,1,1,1,1,1,1,1,1,1,1,1,1,1,1,1,1,1,1,1,1,1,1,1,1,1,1,1,1,1,1,1,1,1,1,1,1,1,1,1,1,3,1,3
             1245374277.5,              169198483.3,1,1,1,3,1,1,1,1,1,1,1,3,3,3,1,3,1,3,1,1,3,1,1,1,1,3,1,1,1,1,1,1,1,1,1,3,1,1,1,1,1,1,1,3,1,1,1,1,1,1,1,1,1,1,1,1,1,1,3,1,1,1,1,1,1,1,1,1,1,1,1,1,1,1,3,1,1,1,1,1,1,1,1,1,1,3,1,1,1,1,1,1,1,2,3,1,1,3,1,1,1,1,1,1,1,1,1,1,1,1,1,1,1,1,1,1,1,1,1,1,1,1,1,1,3,1,3,1,1,1,1,1,1,1,1,1,1,1,1,1,1,1,1,3,1,1,1,1,1,1,1,3,3,1,1,1,1,1,1,3,1,1,1,1,1,1,1,3,1,1,1,1,1,1,1,1,1,1,1,3,1,1,1,1,1,1,1,1,1,1,1,1,1,3,1,3,3,1,1
             1871213978.4,              246719790.2,3,1,1,3,1,1,3,1,1,3,1,3,3,1,1,1,1,1,1,1,3,1,1,1,1,1,1,1,1,3,1,1,1,1,1,1,1,1,1,1,1,1,1,3,1,3,3,1,1,1,2,1,1,1,1,1,1,1,3,3,1,1,1,2,1,1,2,1,1,3,1,1,1,1,3,1,1,3,1,1,1,1,1,1,1,1,3,3,1,1,3,3,1,4,3,1,1,1,1,1,1,1,1,1,1,1,1,1,3,1,1,1,1,1,3,1,1,1,3,1,1,1,1,1,1,3,3,1,1,1,1,1,1,1,1,1,1,1,1,1,2,3,1,3,1,1,1,1,1,1,1,3,1,1,1,1,1,1,1,3,2,1,1,1,1,1,1,3,1,1,1,1,1,1,1,1,3,1,1,3,1,1,1,2,1,1,1,1,1,2,1,1,1,1,3,1,3,1,3
             1330846043.0,              184800253.8,3,1,1,3,1,1,3,1,1,3,1,3,3,1,1,3,1,1,1,2,3,1,1,1,1,1,1,1,1,1,1,1,2,1,1,1,1,1,1,1,1,1,1,3,1,3,1,1,1,1,1,1,1,3,1,1,1,1,3,1,2,1,1,1,1,1,1,1,1,1,1,1,1,1,1,1,1,1,1,1,1,1,1,1,1,3,1,3,1,1,3,1,1,1,3,1,1,3,1,1,1,1,1,1,3,1,1,1,3,1,1,1,1,1,1,1,1,1,1,1,1,1,1,1,3,1,1,1,1,1,1,1,1,1,1,1,1,1,1,1,2,1,1,3,1,1,1,1,1,1,1,1,1,1,1,1,1,1,1,1,1,1,3,1,1,1,1,3,1,1,1,1,1,1,1,1,1,1,3,1,1,1,1,1,1,1,1,1,1,2,1,1,1,1,1,1,3,1,3
             1792020903.0,              232400053.1,1,1,1,3,1,1,1,3,1,1,1,3,3,3,1,3,1,3,1,1,3,1,1,1,1,1,1,1,1,3,1,1,1,1,1,3,1,1,3,1,1,4,2,3,1,3,1,2,1,2,1,1,1,1,1,1,1,1,3,1,1,1,1,1,1,1,1,1,1,1,1,1,1,1,3,1,1,3,1,1,1,1,1,1,1,3,3,3,1,1,1,1,1,1,3,1,1,3,1,1,1,1,1,1,1,1,1,1,1,1,1,1,1,1,1,1,1,1,1,1,1,3,1,2,3,1,3,1,1,1,1,1,1,1,1,1,1,1,1,1,2,1,1,3,1,1,1,1,1,1,1,3,3,1,1,1,1,1,1,3,2,3,1,1,1,1,1,3,1,1,1,1,1,1,1,1,1,1,1,3,1,1,1,1,1,1,1,1,1,1,1,1,1,1,3,3,3,1,1
             1534677736.4,              197209329.4,3,1,1,3,1,2,3,2,1,1,1,2,3,1,1,3,1,1,1,1,3,1,1,3,1,1,1,1,1,1,1,1,1,1,1,1,1,1,1,1,1,1,1,3,1,3,1,1,1,1,1,1,1,1,1,1,1,1,3,1,1,1,4,1,1,1,1,1,1,1,1,1,1,1,3,1,1,1,1,1,1,1,3,3,1,1,1,3,1,1,1,1,1,1,3,1,1,1,1,1,1,1,1,1,1,1,1,1,3,1,1,1,1,1,3,1,1,1,1,1,1,3,1,1,3,3,3,1,1,1,1,1,1,1,1,1,1,1,1,1,2,1,1,3,1,1,1,1,1,1,3,3,1,1,1,1,1,1,1,1,1,1,3,1,1,1,1,3,3,1,1,1,1,1,1,1,1,1,1,1,1,1,1,1,1,1,1,1,1,1,1,1,1,1,1,1,3,1,3
